n_factors,regularization,alpha,n_iterations,elapsed_s,precision@5,recall@5,f1@5,precision@10,recall@10,f1@10
100,0.1,10,10,31.4,0.67248,0.24677,0.36105,0.61074,0.38446,0.47187
100,1.0,10,10,31.4,0.67517,0.24448,0.35897,0.61745,0.38927,0.4775
100,0.5,10,10,31.3,0.67517,0.24411,0.35857,0.61812,0.38657,0.47567
100,0.01,10,10,31.1,0.66242,0.2453,0.35802,0.60235,0.38199,0.4675
100,1.0,10,20,50.7,0.67651,0.24302,0.35759,0.61174,0.38413,0.47193
100,0.01,10,20,50.6,0.65973,0.24318,0.35537,0.60906,0.38241,0.46983
100,0.5,10,20,51.0,0.66242,0.24195,0.35444,0.60872,0.38482,0.47154
100,0.1,10,20,50.7,0.6604,0.2415,0.35367,0.6094,0.38228,0.46983
100,1.0,40,10,34.9,0.49329,0.24074,0.32357,0.48758,0.38853,0.43245
100,0.5,40,10,30.8,0.48993,0.23627,0.3188,0.49195,0.39189,0.43625
100,0.1,40,10,32.3,0.48255,0.23622,0.31718,0.47416,0.38429,0.42452
100,0.5,40,20,50.4,0.46577,0.22962,0.3076,0.47181,0.38152,0.42189
100,1.0,40,20,51.8,0.46309,0.23008,0.30742,0.4698,0.38145,0.42104
100,0.1,40,20,51.0,0.45168,0.22548,0.3008,0.46409,0.37872,0.41708
100,0.01,40,10,31.0,0.44362,0.22566,0.29915,0.45268,0.37556,0.41053
100,0.5,80,10,30.6,0.41141,0.22971,0.29481,0.4255,0.38167,0.4024
100,1.0,80,10,30.9,0.41007,0.22868,0.29362,0.42483,0.38089,0.40166
100,0.01,40,20,51.1,0.43154,0.22152,0.29276,0.45369,0.37429,0.41019
100,1.0,80,20,50.9,0.3953,0.22273,0.28492,0.40973,0.37201,0.38996
100,0.1,80,10,31.2,0.38792,0.22479,0.28464,0.40503,0.37243,0.38805
100,0.5,80,20,51.6,0.38859,0.21968,0.28068,0.4151,0.37786,0.3956
100,0.01,80,10,31.0,0.37114,0.21943,0.2758,0.38456,0.36311,0.37353
50,1.0,10,10,25.4,0.53087,0.18537,0.27479,0.45436,0.27925,0.34591
50,0.5,10,10,24.1,0.52685,0.1836,0.27231,0.45872,0.28169,0.34904
100,0.1,80,20,50.7,0.37047,0.21453,0.27171,0.39161,0.36349,0.37703
50,0.1,10,10,24.1,0.51745,0.18123,0.26844,0.46107,0.28215,0.35008
100,0.01,80,20,51.1,0.35973,0.21311,0.26765,0.37886,0.35563,0.36688
50,0.01,10,10,23.9,0.51409,0.17896,0.2655,0.45403,0.27907,0.34567
50,0.1,10,20,36.6,0.51208,0.17604,0.26201,0.44564,0.274,0.33935
50,0.5,10,20,36.6,0.51007,0.1761,0.26181,0.45067,0.27693,0.34305
50,1.0,10,20,36.8,0.51208,0.17562,0.26154,0.45168,0.27409,0.34116
50,0.01,10,20,36.4,0.50201,0.1741,0.25854,0.4443,0.27372,0.33875
50,1.0,40,10,24.0,0.3255,0.16554,0.21946,0.3104,0.25793,0.28174
50,0.5,40,10,23.8,0.32483,0.16309,0.21715,0.3047,0.25626,0.27839
50,0.1,40,10,23.7,0.32148,0.16004,0.21369,0.30503,0.25896,0.28012
50,0.01,40,10,23.8,0.30134,0.15206,0.20213,0.29329,0.25197,0.27106
50,0.1,40,20,36.5,0.30336,0.14939,0.20019,0.2906,0.24461,0.26563
20,0.1,10,10,21.0,0.40872,0.13051,0.19785,0.3443,0.19523,0.24917
50,0.01,40,20,36.4,0.29262,0.14775,0.19635,0.27953,0.23865,0.25748
20,0.5,10,10,21.7,0.40738,0.12872,0.19562,0.3443,0.19505,0.24903
20,0.5,10,20,30.7,0.41745,0.12756,0.19541,0.3453,0.18889,0.2442
20,1.0,10,20,30.6,0.41678,0.1276,0.19538,0.34497,0.18655,0.24215
20,0.01,10,10,20.9,0.40537,0.1286,0.19526,0.34195,0.19253,0.24635
50,0.5,40,20,36.9,0.29463,0.14598,0.19523,0.29396,0.24604,0.26787
50,1.0,40,20,36.3,0.29396,0.14445,0.19371,0.29497,0.24692,0.26882
20,0.1,10,20,30.4,0.41141,0.12626,0.19322,0.34664,0.18882,0.24447
20,1.0,10,10,21.1,0.40403,0.12695,0.1932,0.34497,0.19479,0.24899
20,0.01,10,20,31.1,0.41007,0.12564,0.19235,0.34497,0.18707,0.24259
50,0.5,80,10,24.0,0.23557,0.14649,0.18064,0.2302,0.23479,0.23247
50,1.0,80,10,24.1,0.23289,0.14517,0.17885,0.22852,0.2326,0.23054
50,0.1,80,10,24.4,0.22282,0.14014,0.17206,0.2198,0.23028,0.22492
50,0.01,80,10,24.2,0.20805,0.1357,0.16427,0.20705,0.22577,0.216
50,0.01,80,20,37.4,0.20805,0.1304,0.16032,0.20839,0.21573,0.212
50,0.5,80,20,37.5,0.20537,0.12697,0.15692,0.21275,0.21685,0.21478
50,0.1,80,20,37.7,0.2047,0.12635,0.15625,0.21879,0.22141,0.22009
50,1.0,80,20,37.5,0.20201,0.12617,0.15533,0.2104,0.21368,0.21203
20,0.5,40,20,31.3,0.27181,0.10674,0.15329,0.23826,0.15767,0.18977
20,1.0,40,10,21.4,0.26846,0.10579,0.15177,0.2396,0.16477,0.19526
20,1.0,40,20,30.7,0.2698,0.10534,0.15152,0.23758,0.15754,0.18946
20,0.5,40,10,21.2,0.26577,0.10549,0.15103,0.23725,0.16481,0.1945
20,0.1,40,20,31.2,0.26644,0.10463,0.15026,0.23523,0.15618,0.18772
20,0.1,40,10,21.3,0.26107,0.10416,0.14891,0.23322,0.15987,0.1897
20,0.01,40,20,30.8,0.25705,0.1027,0.14676,0.23289,0.15586,0.18674
20,0.01,40,10,21.2,0.24899,0.09891,0.14158,0.22752,0.15402,0.18369
10,0.5,10,10,19.7,0.32416,0.08844,0.13897,0.28087,0.14092,0.18768
10,1.0,10,10,20.6,0.3255,0.08813,0.13871,0.28154,0.14136,0.18822
10,1.0,10,20,28.5,0.32617,0.0878,0.13835,0.27282,0.12912,0.17529
10,0.1,10,20,27.7,0.3255,0.08782,0.13832,0.27215,0.12871,0.17476
10,0.01,10,20,28.5,0.32483,0.08783,0.13827,0.27148,0.12795,0.17393
10,0.5,10,20,28.4,0.32416,0.08737,0.13765,0.27349,0.12899,0.1753
10,0.01,10,10,21.2,0.31611,0.08797,0.13763,0.27584,0.13677,0.18287
10,0.1,10,10,19.8,0.31879,0.08737,0.13716,0.27718,0.13743,0.18375
20,1.0,80,10,21.8,0.18456,0.08778,0.11898,0.17248,0.14141,0.15541
20,0.5,80,10,21.5,0.18658,0.08521,0.11699,0.17081,0.13936,0.15349
20,0.5,80,20,30.9,0.17785,0.08627,0.11618,0.16443,0.1332,0.14717
20,0.1,80,20,31.0,0.17584,0.08416,0.11384,0.16074,0.12984,0.14365
20,1.0,80,20,31.3,0.17315,0.08378,0.11293,0.16275,0.1308,0.14504
20,0.1,80,10,21.3,0.17785,0.08156,0.11183,0.16275,0.13099,0.14515
20,0.01,80,20,30.7,0.17114,0.08022,0.10923,0.15537,0.1267,0.13958
20,0.01,80,10,21.4,0.16443,0.07744,0.10529,0.15738,0.12436,0.13894
10,0.5,40,10,20.2,0.21678,0.06485,0.09984,0.20369,0.1099,0.14277
10,1.0,40,10,20.1,0.21678,0.0646,0.09954,0.20134,0.11096,0.14307
10,0.01,40,10,20.3,0.22148,0.06394,0.09924,0.19933,0.10745,0.13963
10,0.5,40,20,28.6,0.21544,0.06345,0.09803,0.19195,0.10319,0.13422
10,0.01,40,20,30.1,0.21141,0.06344,0.0976,0.19463,0.10235,0.13416
10,0.1,40,20,27.9,0.21141,0.0633,0.09743,0.19396,0.10279,0.13437
10,0.1,40,10,19.8,0.21611,0.06131,0.09552,0.20302,0.11028,0.14292
10,1.0,40,20,28.6,0.21208,0.06111,0.09488,0.19497,0.1057,0.13708
10,1.0,80,10,20.0,0.15638,0.0503,0.07611,0.15503,0.09062,0.11438
10,1.0,80,20,28.4,0.15369,0.05004,0.07549,0.15369,0.09338,0.11617
10,0.5,80,10,20.0,0.15772,0.04809,0.0737,0.15738,0.09121,0.11549
10,0.5,80,20,28.4,0.14765,0.04903,0.07361,0.14832,0.09115,0.11291
10,0.01,80,10,22.0,0.15034,0.04637,0.07087,0.14732,0.08329,0.10642
10,0.1,80,10,19.9,0.14966,0.04626,0.07067,0.14832,0.08579,0.10871
10,0.1,80,20,28.0,0.1443,0.04669,0.07055,0.14597,0.08706,0.10907
10,0.01,80,20,30.1,0.14362,0.04582,0.06947,0.14497,0.08535,0.10744
